
     EMPNO ENAME      JOB              MGR HIREDATE         SAL       COMM     DEPTNO
---------- ---------- --------- ---------- --------- ---------- ---------- ----------
      7369 SMITH      CLERK           7902 17-DEC-80        800                    20
      7499 ALLEN      SALESMAN        7698 20-FEB-81       1600        300         30
      7521 WARD       SALESMAN        7698 22-FEB-81       1250        500         30
      7566 JONES      MANAGER         7839 02-APR-81       2975                    20
      7654 MARTIN     SALESMAN        7698 28-SEP-81       1250       1400         30
      7698 BLAKE      MANAGER         7839 01-MAY-81       2850                    30
      7782 CLARK      MANAGER         7839 09-JUN-81       2450                    10
      7788 SCOTT      ANALYST         7566 19-APR-87       3000                    20
      7839 KING       PRESIDENT            17-NOV-81       5000                    10
      7844 TURNER     SALESMAN        7698 08-SEP-81       1500          0         30
      7876 ADAMS      CLERK           7788 23-MAY-87       1100                    20
      7900 JAMES      CLERK           7698 03-DEC-81        950                    30
      7902 FORD       ANALYST         7566 03-DEC-81       3000                    20
      7934 MILLER     CLERK           7782 23-JAN-82       1300                    10

14 rows selected.


QUESTIONS ON SUB-QUERY CASE-01 :-
--------------------------------------------------------
1.WAQTD NAME OF THE EMPLOYEES EARNING MORE THAN ADAMS 
SELECT ENAME
FROM EMP
WHERE SAL>(SELECT SAL
FROM EMP
WHERE ENAME='ADAMS');


ENAME
----------
ALLEN
WARD
JONES
MARTIN
BLAKE
CLARK
SCOTT
KING
TURNER
FORD
MILLER

11 rows selected.

------------------------------------------------------------------------------------------------------------------------------------------------------------------------------------------

2.WAQTD NAME AND SALARY OF THE EMPLOYEES EARNING LESS THAN KING 

SELECT ENAME,SAL
FROM EMP
WHERE SAL<(SELECT SAL
FROM EMP
WHERE ENAME='KING');

ENAME             SAL
---------- ----------
SMITH             800
ALLEN            1600
WARD             1250
JONES            2975
MARTIN           1250
BLAKE            2850
CLARK            2450
SCOTT            3000
TURNER           1500
ADAMS            1100
JAMES             950
FORD             3000
MILLER           1300
------------------------------------------------------------------------------------------------------------------------------------------------------------------------------------------

3.WAQTD NAME AND DEPTNO OF THE EMPLOYEES IF THEY ARE WORKING
 IN THE SAME DEPT AS JONES  

SELECT ENAME,DEPTNO
FROM EMP
WHERE DEPTNO=(SELECT DEPTNO
FROM EMP
WHERE ENAME='JONES');

ENAME          DEPTNO
---------- ----------
SMITH              20
JONES              20
SCOTT              20
ADAMS              20
FORD               20
------------------------------------------------------------------------------------------------------------------------------------------------------------------------------------------

4.WAQTD NAME AND JOB OF ALL THE EMPLOYEES WORKING IN THE SAME
 DESIGNATION AS JAMES 

SELECT ENAME ,JOB
FROM EMP
WHERE JOB=(SELECT JOB
FROM EMP
WHERE ENAME='JAMES');

ENAME      JOB
---------- ------
SMITH      CLERK
ADAMS      CLERK
JAMES      CLERK
MILLER     CLERK
------------------------------------------------------------------------------------------------------------------------------------------------------------------------------------------

5.WAQTD EMPNO AND ENAME ALONG WITH ANNUAL SALARY OF ALL THE
EMPLOYEES IF THEIR ANNUAL SALARY IS GREATER THAN WARD ANNUAL SALARY.

SELECT EMPNO,ENAME
FROM EMP
WHERE SAL*12>(SELECT SAL*12
FROM EMP
WHERE ENAME='WARD');

     EMPNO ENAME
---------- ----------
      7499 ALLEN
      7566 JONES
      7698 BLAKE
      7782 CLARK
      7788 SCOTT
      7839 KING
      7844 TURNER
      7902 FORD
      7934 MILLER
------------------------------------------------------------------------------------------------------------------------------------------------------------------------------------------

6.WAQTD NAME AND HIREDATE OF THE EMPLOYEES IF THEY ARE HIRED BEFORE SCOTT 

SELECT ENAME,HIREDATE
FROM EMP
WHERE HIREDATE<(SELECT HIREDATE
FROM EMP
WHERE ENAME='SCOTT');

ENAME      HIREDATE
---------- ---------
SMITH      17-DEC-80
ALLEN      20-FEB-81
WARD       22-FEB-81
JONES      02-APR-81
MARTIN     28-SEP-81
BLAKE      01-MAY-81
CLARK      09-JUN-81
KING       17-NOV-81
TURNER     08-SEP-81
JAMES      03-DEC-81
FORD       03-DEC-81
MILLER     23-JAN-82
------------------------------------------------------------------------------------------------------------------------------------------------------------------------------------------

7.WAQTD NAME AND HIREDATE OF THE EMPLOYEES IF THEY ARE HIRED AFTER THE PRESIDENT 

SELECT ENAME,HIREDATE
FROM EMP
WHERE HIREDATE>(SELECT HIREDATE
FROM EMP
WHERE JOB='PRESIDENT');

ENAME      HIREDATE
---------- ---------
SCOTT      19-APR-87
ADAMS      23-MAY-87
JAMES      03-DEC-81
FORD       03-DEC-81
MILLER     23-JAN-82
------------------------------------------------------------------------------------------------------------------------------------------------------------------------------------------

8.WAQTD NAME AND SAL OF THE EMPLOYEE IF THEY ARE EARNING SAL
 LESS THAN THE EMPLOYEE WHOS EMPNO IS 7839

SELECT ENAME,SAL
FROM EMP
WHERE SAL<(SELECT SAL
FROM EMP
WHERE EMPNO=7839); 

ENAME             SAL
---------- ----------
SMITH             800
ALLEN            1600
WARD             1250
JONES            2975
MARTIN           1250
BLAKE            2850
CLARK            2450
SCOTT            3000
TURNER           1500
ADAMS            1100
JAMES             950
FORD             3000
MILLER           1300
------------------------------------------------------------------------------------------------------------------------------------------------------------------------------------------

9.WAQTD ALL THE DETAILS OF THE EMPLOYEES IF THE EMPLOYEES ARE HIRED BEFORE MILLER

SELECT *
FROM EMP
WHERE HIREDATE<(SELECT HIREDATE
FROM EMP
WHERE ENAME='MILLER');

     EMPNO ENAME      JOB              MGR HIREDATE         SAL       COMM     DEPTNO
---------- ---------- --------- ---------- --------- ---------- ---------- ----------
      7369 SMITH      CLERK           7902 17-DEC-80        800                    20
      7499 ALLEN      SALESMAN        7698 20-FEB-81       1600        300         30
      7521 WARD       SALESMAN        7698 22-FEB-81       1250        500         30
      7566 JONES      MANAGER         7839 02-APR-81       2975                    20
      7654 MARTIN     SALESMAN        7698 28-SEP-81       1250       1400         30
      7698 BLAKE      MANAGER         7839 01-MAY-81       2850                    30
      7782 CLARK      MANAGER         7839 09-JUN-81       2450                    10
      7839 KING       PRESIDENT            17-NOV-81       5000                    10
      7844 TURNER     SALESMAN        7698 08-SEP-81       1500          0         30
      7900 JAMES      CLERK           7698 03-DEC-81        950                    30
      7902 FORD       ANALYST         7566 03-DEC-81       3000                    20
------------------------------------------------------------------------------------------------------------------------------------------------------------------------------------------

10.WAQTD ENAME AND EMPNO OF THE EMPLOYEES IF EMPLOYEES ARE
 EARNING MORE THEN ALLEN
SELECT ENAME,EMPNO
FROM EMP
WHERE SAL>(SELECT SAL
FROM EMP
WHERE ENAME='ALLEN');

ENAME           EMPNO
---------- ----------
JONES            7566
BLAKE            7698
CLARK            7782
SCOTT            7788
KING             7839
FORD             7902

------------------------------------------------------------------------------------------------------------------------------------------------------------------------------------------

                     ASSIGNMENT QUESTIONS ON SUB-QUERY CASE-01 :-
                --------------------------------------------------------
11.WAQTD ENAME AND SALARY OF ALL THE EMPLOYEES WHO ARE EARNING
 MORE THAN MILLER BUT LESS THAN ALLEN 

SELECT ENAME,SAL
FROM EMP
WHERE SAL>(SELECT SAL
FROM EMP
WHERE ENAME='MILLER') AND SAL<(SELECT SAL
FROM EMP
WHERE ENAME='ALLEN');

ENAME             SAL
---------- ----------
TURNER           1500

------------------------------------------------------------------------------------------------------------------------------------------------------------------------------------------
12.WAQTD ALL THE DETAILS OF THE EMPLOYEES WORKING IN DEPT 
AND WORKING IN THE SAME DESIGNATION AS SMITH 

SELECT *
FROM EMP
WHERE DEPTNO=(SELECT DEPTNO
FROM EMP
WHERE ENAME='SMITH') AND JOB=(SELECT JOB
FROM EMP
WHERE ENAME='SMITH');

     EMPNO ENAME      JOB              MGR HIREDATE         SAL       COMM     DEPTNO
---------- ---------- --------- ---------- --------- ---------- ---------- ----------
      7369 SMITH      CLERK           7902 17-DEC-80        800                    20
      7876 ADAMS      CLERK           7788 23-MAY-87       1100                    20

------------------------------------------------------------------------------------------------------------------------------------------------------------------------------------------
13.WAQTD ALL THE DETAILS OF THE EMPLOYEES WORKING AS MANAGER 
IN THE SAME DEPT AS TURNER
 
SELECT *
FROM EMP
WHERE DEPTNO=(SELECT DEPTNO
FROM EMP
WHERE ENAME='TURNER') AND JOB='MANAGER';


    EMPNO ENAME      JOB              MGR HIREDATE         SAL       COMM     DEPTNO
--------- ---------- --------- ---------- --------- ---------- ---------- ----------
     7698 BLAKE      MANAGER         7839 01-MAY-81       2850                    30

------------------------------------------------------------------------------------------------------------------------------------------------------------------------------------------

14.WAQTD NAME AND HIREDATE OF THE EMPLOYEES HIRED AFTER 1980 AND BEFORE KING

SELECT ENAME,HIREDATE
FROM EMP
WHERE HIREDATE>(SELECT HIREDATE
FROM EMP
WHERE HIREDATE <'31-DEC-80') AND HIREDATE<(SELECT HIREDATE
FROM EMP
WHERE ENAME='KING');
         

ENAME      HIREDATE
---------- ---------
ALLEN      20-FEB-81
WARD       22-FEB-81
JONES      02-APR-81
MARTIN     28-SEP-81
BLAKE      01-MAY-81
CLARK      09-JUN-81
TURNER     08-SEP-81
------------------------------------------------------------------------------------------------------------------------------------------------------------------------------------------
15.WAQTD NAME AND SAL ALONG WITH ANNUAL SAL FOR ALL EMPLOYEES 
WHOS SAL IS LESS THAN BLAKE AND MORE THAN 3500

SELECT ENAME,SAL,SAL*12
FROM EMP
WHERE SAL < (SELECT SAL
FROM EMP
WHERE ENAME='BLAKE') AND SAL>(SELECT SAL
FROM EMP
WHERE SAL=3500);

         ---NO ROWS SELECTED---
------------------------------------------------------------------------------------------------------------------------------------------------------------------------------------------

16.WAQTD ALL THE DETAILS OF EMPLOYEES WHO EARN MORE THAN SCOTT BUT LESS THAN KING 

SELECT *
FROM EMP
WHERE SAL>(SELECT SAL
FROM EMP
WHERE ENAME='SCOTT') AND SAL<(SELECT SAL
FROM EMP
WHERE ENAME='KING');
            ---NO ROWS SELECTED---
------------------------------------------------------------------------------------------------------------------------------------------------------------------------------------------
17.WAQTD NAME OF THE EMPLOYEES WHOS NAME STARTS WITH ‘A’ AND
 WORKS IN THE SAME DEPT AS BLAKE 

SELECT ENAME
FROM EMP
WHERE DEPTNO=(SELECT DEPTNO
FROM EMP
WHERE ENAME='BLAKE' ) AND ENAME LIKE 'A%';

ENAME
----------
ALLEN

------------------------------------------------------------------------------------------------------------------------------------------------------------------------------------------

18.WAQTD NAME AND COMM IF EMPLOYEES EARN COMISSION AND WORK IN
 THE SAME DESIGNATION AS SMITH 

SELECT ENAME,COMM
FROM EMP
WHERE  SAL=    AND JOB=(SELECT JOB
FROM EMP
WHERE ENAME='SMITH');////
------------------------------------------------------------------------------------------------------------------------------------------------------------------------------------------
19.WAQTD DETAILS OF ALL THE EMPLOYEES WORKING AS CLERK IN THE
 SAME DEPT AS TURNER 

SELECT *
FROM EMP
WHERE DEPTNO=(SELECT DEPTNO
FROM EMP
WHERE ENAME='TURNER') AND  JOB='CLERK';

   EMPNO ENAME      JOB              MGR HIREDATE         SAL       COMM     DEPTNO
-------- ---------- --------- ---------- --------- ---------- ---------- ----------
    7900 JAMES      CLERK           7698 03-DEC-81        950                    30
---------------------------------------------------------------------------------------------------------------------------------------------------------------------------------------

20.WAQTD ENAME, SAL AND DESIGNATION OF THE EMPLOYEES WHOS 
ANNUAL SALARY IS MORE THAN SMITH AND LESS THAN KING

SELECT ENAME,SAL,JOB
FROM EMP
WHERE SAL*12>(SELECT SAL
FROM EMP
WHERE ENAME='SMITH') AND SAL*12<(SELECT SAL
FROM EMP
WHERE ENAME='KING');

   ---NO ROWS SELECTED---

SELECT ENAME,SAL,JOB
FROM EMP
WHERE SAL*12>(SELECT SAL*12
FROM EMP
WHERE ENAME='SMITH') AND SAL*12<(SELECT SAL*12
FROM EMP
WHERE ENAME='KING');


ENAME             SAL JOB
---------- ---------- ---------
ALLEN            1600 SALESMAN
WARD             1250 SALESMAN
JONES            2975 MANAGER
MARTIN           1250 SALESMAN
BLAKE            2850 MANAGER
CLARK            2450 MANAGER
SCOTT            3000 ANALYST
TURNER           1500 SALESMAN
ADAMS            1100 CLERK
JAMES             950 CLERK
FORD             3000 ANALYST
MILLER           1300 CLERK
